<?xml version="1.0" encoding="UTF-8"?>
<project-private xmlns="http://www.netbeans.org/ns/project-private/1">
    <editor-bookmarks xmlns="http://www.netbeans.org/ns/editor-bookmarks/2" lastBookmarkId="0"/>
    <open-files xmlns="http://www.netbeans.org/ns/projectui-open-files/2">
        <group>
            <file>file:/C:/Users/Benedict%20Chen/Documents/Purdue/CNIT/CNIT%20255/Lab07/CNIT255_Lab07/src/AdvisorName.java</file>
            <file>file:/C:/Users/Benedict%20Chen/Documents/Purdue/CNIT/CNIT%20255/Lab07/CNIT255_Lab07/src/GradStudent.java</file>
            <file>file:/C:/Users/Benedict%20Chen/Documents/Purdue/CNIT/CNIT%20255/Lab07/CNIT255_Lab07/src/Student.java</file>
            <file>file:/C:/Users/Benedict%20Chen/Documents/Purdue/CNIT/CNIT%20255/Lab07/CNIT255_Lab07/src/Name.java</file>
            <file>file:/C:/Users/Benedict%20Chen/Documents/Purdue/CNIT/CNIT%20255/Lab07/CNIT255_Lab07/src/Person.java</file>
            <file>file:/C:/Users/Benedict%20Chen/Documents/Purdue/CNIT/CNIT%20255/Lab07/CNIT255_Lab07/src/Address.java</file>
            <file>file:/C:/Users/Benedict%20Chen/Documents/Purdue/CNIT/CNIT%20255/Lab07/CNIT255_Lab07/src/myInterface.java</file>
            <file>file:/C:/Users/Benedict%20Chen/Documents/Purdue/CNIT/CNIT%20255/Lab07/CNIT255_Lab07/src/CalculateAge.java</file>
        </group>
    </open-files>
</project-private>
